slug,brand,model,displayName,reference,referenceStatus,year,condition,material,character,shortDescription,curiosityQuote,history,status,price,imageCount,sourceUrls,verificationNote
audemars-piguet-royal-oak-automatic,Audemars Piguet,Royal Oak Automatic,Audemars Piguet Royal Oak Automatic,15300ST / 14790ST - wariant do potwierdzenia,rozpoznanie kolekcji wysokiej pewno?ci; dok?adna referencja zale?y od ?rednicy koperty i numer?w na deklu,"ok. lata 2000., do potwierdzenia","bardzo dobry, ocena wst?pna ze zdj??","stal nierdzewna, srebrna tarcza tapisserie, pasek sk?rzany",sportowa ikona haute horlogerie,"Audemars Piguet Royal Oak Automatic ze srebrn? tarcz? tapisserie przenosi projekt Geralda Genty w eleganck?, stalow? form? na pasku sk?rzanym.","O?miok?tny bezel i zintegrowana linia koperty sprawi?y, ?e stalowy zegarek m?g? sta? si? pe?noprawnym symbolem luksusu.","Royal Oak z 1972 roku prze?ama? granic? mi?dzy zegarkiem sportowym a presti?owym zegarkiem mechanicznym. Egzemplarz ze srebrn? tarcz?, dat? na godzinie 3 i automatycznym naci?giem zachowuje najwa?niejsze cechy projektu: ?ruby w bezelu, szczotkowan? stal i geometryczn? tarcz? typu tapisserie.",dost?pny,cena na zapytanie,3,https://www.audemarspiguet.com/com/en/watch-collection/royal-oak.html | https://www.chrono24.com/audemarspiguet/ref-15300stoo1220st01.htm,"Rok, stan i dok?adna referencja konkretnego egzemplarza powinny zosta? potwierdzone dokumentami, numerem seryjnym lub ogl?dzinami zegarmistrza przed publikacj? sprzeda?ow?."
breitling-chronomat-evolution-blue,Breitling,Chronomat Evolution Blue Dial,Breitling Chronomat Evolution Blue Dial,A13356 - do potwierdzenia,rozpoznanie modelu wysokiej pewno?ci; referencj? nale?y potwierdzi? po deklu,"ok. 2004-2008, do potwierdzenia","dobry / bardzo dobry, ocena wst?pna ze zdj??","stal nierdzewna, niebieska tarcza, pasek gumowy",lotniczy chronograf sportowy,Breitling Chronomat Evolution z niebiesk? tarcz? to wyrazisty automatyczny chronograf o masywnej kopercie i technicznym charakterze.,"Niebieska tarcza ?agodzi narz?dziow? sylwetk? Chronomata, ale nie odbiera mu lotniczej energii.","Chronomat Evolution rozwija? najwa?niejsz? wsp??czesn? lini? Breitlinga: chronograf automatyczny, obracany bezel z rider tabs, czytelne liczniki i mocn? kopert?. Ten wariant z rzymskimi indeksami i dat? na godzinie 3 dobrze pokazuje okres, w kt?rym Chronomat sta? si? jednym z najbardziej rozpoznawalnych luksusowych zegark?w sportowych pocz?tku XXI wieku.",dost?pny,cena na zapytanie,3,https://www.breitlingsource.com/watch_details/Chronomat_3.html | https://www.chrono24.com/breitling/ref-a13356.htm,"Rok, stan i dok?adna referencja konkretnego egzemplarza powinny zosta? potwierdzone dokumentami, numerem seryjnym lub ogl?dzinami zegarmistrza przed publikacj? sprzeda?ow?."
breitling-rozowe-zloto,Breitling,Chronomat Evolution Chronograph,Breitling Chronomat Evolution Chronograph,B13356 / K13356 - wariant do potwierdzenia po dekielku i dokumentach,rozpoznanie kolekcji wysokiej pewno?ci; wariant materia?owy wymaga potwierdzenia,"oko?o 2004-2008, rocznik egzemplarza do potwierdzenia","dobry / bardzo dobry, widoczne normalne ?lady u?ytkowania","z?oto lub stal-z?oto, tarcza mother-of-pearl, pasek sk?rzany",lotniczy chronograf bi?uteryjny,Breitling Chronomat Evolution w z?otej tonacji i z tarcz? mother-of-pearl to masywny chronograf lotniczy w bardziej jubilerskim wydaniu.,"To Chronomat z epoki, w kt?rej techniczny chronograf Breitlinga nabra? ostentacyjnie luksusowego charakteru.","Chronomat Evolution by? rozwini?ciem flagowej linii Breitlinga stworzonej z my?l? o profesjonalnych chronografach. Wersje z kalibrem Breitling 13 ??czy?y automatyczny chronograf, dat?, obrotowy bezel i mocn? kopert?, a warianty z mas? per?ow? i z?otem przenosi?y sportowe DNA kolekcji w stron? zegarka statusowego.",dost?pny,cena na zapytanie,3,https://www.chrono24.com/breitling/ref-b13356.htm | https://www.breitlingsource.com/watch_details/Chronomat_3.html,"Rok, stan i dok?adna referencja konkretnego egzemplarza powinny zosta? potwierdzone dokumentami, numerem seryjnym lub ogl?dzinami zegarmistrza przed publikacj? sprzeda?ow?."
breitling-niebieski,Breitling,Superocean Heritage B20 Automatic 42,Breitling Superocean Heritage B20 Automatic 42,AB2010161C1A1,rozpoznanie wysokiej pewno?ci na podstawie wygl?du i zgodno?ci z katalogiem Breitling,"rok egzemplarza do potwierdzenia; model wsp??czesny, linia B20 Automatic 42","bardzo dobry, z widocznymi drobnymi ?ladami u?ytkowania na bezelu i kopercie","stal nierdzewna, niebieski ceramiczny bezel, bransoleta stalowa typu mesh",sportowo-elegancki diver,Breitling Superocean Heritage B20 Automatic 42 z niebiesk? tarcz? ??czy klasyczny styl nurkowy lat 50. z nowoczesnym manufakturowym kalibrem B20.,"Niebieska ceramika i stalowa siatka tworz? zegarek, kt?ry wygl?da naturalnie zar?wno przy wodzie, jak i pod mankietem marynarki.","Superocean Heritage czerpie z pierwszych nurkowych Breitling?w z 1957 roku, ale w wersji B20 Automatic 42 korzysta z nowoczesnego, certyfikowanego chronometru z oko?o 70-godzinn? rezerw? chodu. Tr?jk?tne wskaz?wki, szeroki bezel i bransoleta mesh buduj? rozpoznawalny most mi?dzy zegarkiem narz?dziowym a eleganckim zegarkiem codziennym.",dost?pny,cena na zapytanie,3,https://www.breitling.com/us-en/watches/superocean-heritage/superocean-heritage-b20-automatic-42/AB2010161C1A1/,"Rok, stan i dok?adna referencja konkretnego egzemplarza powinny zosta? potwierdzone dokumentami, numerem seryjnym lub ogl?dzinami zegarmistrza przed publikacj? sprzeda?ow?."
breitling-for-bentley-mulliner-perpetual-calendar,Breitling for Bentley,Mulliner Perpetual Calendar,Breitling for Bentley Mulliner Perpetual Calendar,R29362 / R2936212 - do potwierdzenia,rozpoznanie modelu wysokiej pewno?ci po oznaczeniu Bentley Mulliner i uk?adzie wiecznego kalendarza,"ok. 2000-2010, do potwierdzenia","bardzo dobry, ocena wst?pna ze zdj??","z?oto, pasek sk?rzany, tarcza z komplikacjami kalendarzowymi",kolekcjonerski zegarek komplikowany,Breitling for Bentley Mulliner Perpetual Calendar ??czy motoryzacyjny przepych linii Bentley z rozbudowanym kalendarzem wiecznym i faz? ksi??yca.,"To Breitling z czas?w, gdy wsp??praca z Bentleyem oznacza?a nie tylko skal? i moc, ale te? teatraln? komplikacj? na tarczy.","Linia Breitling for Bentley powsta?a po wsp??pracy marki z Bentleyem przy Continental GT. Wersja Mulliner Perpetual Calendar nale?y do najbardziej z?o?onych modeli tej rodziny: pokazuje miesi?c, dzie?, dat?, faz? ksi??yca, cykl przest?pny i wskazania 24-godzinne, zachowuj?c charakter du?ego, luksusowego chronografu inspirowanego ?wiatem grand tourer?w.",dost?pny,cena na zapytanie,3,https://www.breitling.com/ | https://www.chrono24.com/breitling/breitling-for-bentley-mulliner-perpetual-calendar--id35354516.htm,"Rok, stan i dok?adna referencja konkretnego egzemplarza powinny zosta? potwierdzone dokumentami, numerem seryjnym lub ogl?dzinami zegarmistrza przed publikacj? sprzeda?ow?."
bvlgari,Bvlgari,Bvlgari Bvlgari Automatic 41,Bvlgari Bvlgari Automatic 41,BB41SPG,potwierdzone na zdj?ciu dekla: BB 41 SPG,"do potwierdzenia; znane egzemplarze tej referencji pojawiaj? si? m.in. z lat 2012, 2018 i 2022","bardzo dobry, z foli? ochronn? widoczn? na deklu",stal nierdzewna i 18-karatowe r??owe z?oto,w?oska elegancja z architektoniczn? bransolet?,Bvlgari Bvlgari BB41SPG to stalowo-z?oty automat 41 mm z charakterystycznym podw?jnym logo na bezelu.,"Podpis na bezelu jest tu elementem projektu, nie dodatkiem - Bvlgari zrobi?o z nazwy marki ornament.","Linia Bvlgari Bvlgari wywodzi si? z estetyki rzymskich monet, gdzie inskrypcja biegnie po obwodzie. W referencji BB41SPG ten motyw ??czy si? z nowoczesn? kopert? 41 mm, automatycznym mechanizmem BVL 191 widocznym przez przeszklony dekiel oraz dwukolorow? bransolet?.",dost?pny,cena na zapytanie,4,https://www.chrono24.com/bulgari/ref-bb41spg.htm,"Rok, stan i dok?adna referencja konkretnego egzemplarza powinny zosta? potwierdzone dokumentami, numerem seryjnym lub ogl?dzinami zegarmistrza przed publikacj? sprzeda?ow?."
bvlgari-diamenty,Bvlgari,Bvlgari Bvlgari Diamond Dial,Bvlgari Bvlgari Diamond Dial,BB33SLD / BB33SSD - do potwierdzenia,rozpoznanie kolekcji wysokiej pewno?ci; referencja wymaga odczytu z dekla,do potwierdzenia; estetyka kolekcji z lat 2000+,"dobry / bardzo dobry, ocena wst?pna ze zdj??","stal nierdzewna, masa per?owa, indeksy diamentowe, sk?rzany pasek",jubilerski zegarek codzienny,"Bvlgari Bvlgari z per?ow? tarcz? i diamentowymi indeksami to subtelna, bi?uteryjna interpretacja rzymskiego klasyka marki.","Najbardziej rozpoznawalnym detalem nie jest tu koronka ani indeksy, lecz pe?ny napis BVLGARI BVLGARI na stalowym pier?cieniu.","Zegarki Bvlgari Bvlgari s? projektowane jak bi?uteria u?ytkowa: prosta tarcza zostaje oprawiona w mocny, graficzny bezel z nazw? marki. Wariant z mas? per?ow? i diamentowymi indeksami wzmacnia jubilerski charakter, ale pozostawia czytelny, oszcz?dny uk?ad dw?ch wskaz?wek.",dost?pny,cena na zapytanie,3,https://www.chrono24.com/bulgari/index.htm,"Rok, stan i dok?adna referencja konkretnego egzemplarza powinny zosta? potwierdzone dokumentami, numerem seryjnym lub ogl?dzinami zegarmistrza przed publikacj? sprzeda?ow?."
cartier-mini-baignoire-czerwony,Cartier,Mini Baignoire / Colis?e,Cartier Mini Baignoire / Colis?e,do potwierdzenia,rozpoznanie jako ma?y damski Cartier wysokiej pewno?ci; model i referencja wymagaj? potwierdzenia po deklu,"lata 1990-2000, do potwierdzenia","dobry / bardzo dobry, ocena wst?pna ze zdj??","z?oto, czarna tarcza, czerwony pasek sk?rzany",bi?uteryjny zegarek damski,"Ma?y z?oty Cartier z czarn? tarcz? i czerwonym paskiem ma charakter dyskretnej bi?uterii, w kt?rej kolor gra r?wnie mocno jak forma koperty.","Czerwony pasek zmienia klasyczny zegarek damski Cartiera w akcent, kt?ry dzia?a jak detal haute couture.","Cartier od dekad buduje damskie zegarki na pograniczu jubilerstwa i wzornictwa u?ytkowego. Ten egzemplarz, widoczny na zdj?ciach jako niewielka z?ota koperta z czarn? tarcz?, wymaga potwierdzenia dok?adnej linii po deklu, ale estetycznie wpisuje si? w ma?e modele Baignoire, Colis?e i pokrewne projekty maison z prze?omu lat 90. i 2000.",dost?pny,cena na zapytanie,3,https://www.cartier.com/ | https://www.cartier.com/en-us/watches/collections/baignoire/,"Rok, stan i dok?adna referencja konkretnego egzemplarza powinny zosta? potwierdzone dokumentami, numerem seryjnym lub ogl?dzinami zegarmistrza przed publikacj? sprzeda?ow?."
cartier,Cartier,Must 21 Chronoscaph,Cartier Must 21 Chronoscaph,2424 / W10125U2,rozpoznanie wysokiej pewno?ci; ref. 2424 zgodna z modelem i uk?adem tarczy,"lata 2000., dok?adny rocznik do potwierdzenia","dobry / bardzo dobry, widoczne ?lady u?ytkowania na bezelu","stal nierdzewna, elementy gumowe, bransoleta stalowo-gumowa",sportowy Cartier z chronografem,"Cartier Must 21 Chronoscaph ref. 2424 ??czy rzymski bezel, stal i gum? z praktycznym kwarcowym chronografem.","Chronoscaph pokazuje mniej formaln? stron? Cartiera - nadal z rzymskimi cyframi, ale w rytmie sportowego chronografu.","Must 21 Chronoscaph nale?y do okresu, w kt?rym Cartier ??czy? w?asny j?zyk projektowy z bardziej sportow? konstrukcj?. Bezel z rzymskimi cyframi i kaboszonowa koronka pozostaj? czytelnie cartierowskie, a chronograf, data i mieszana bransoleta stalowo-gumowa nadaj? mu codzienny, dynamiczny charakter.",dost?pny,cena na zapytanie,4,https://www.analogshift.com/products/cartier-must-21-chronoscaph | https://www.youtube.com/watch?v=QJ4UoNswxcA,"Rok, stan i dok?adna referencja konkretnego egzemplarza powinny zosta? potwierdzone dokumentami, numerem seryjnym lub ogl?dzinami zegarmistrza przed publikacj? sprzeda?ow?."
cartier-tank-americaine-diamond,Cartier,Tank Am?ricaine Diamond,Cartier Tank Am?ricaine Diamond,do potwierdzenia,rozpoznanie kolekcji wysokiej pewno?ci; referencja zale?y od rozmiaru i konfiguracji diament?w,"lata 2000-2010, do potwierdzenia","bardzo dobry, ocena wst?pna ze zdj??","bia?e z?oto lub stal, diamentowy bezel, czarna tarcza, pasek sk?rzany",elegancki zegarek jubilerski,"Cartier Tank Am?ricaine z czarn? tarcz? i diamentow? lunet? ??czy architektur? klasycznego Tanka z bardziej wyd?u?on?, wieczorow? sylwetk?.","W Tank Am?ricaine prostok?t Cartiera staje si? smuklejszy, bardziej formalny i zdecydowanie bardziej salonowy.","Tank Am?ricaine rozwija lini? Tank Cintr?e: wyd?u?ona koperta, zakrzywiony profil i rzymska typografia zachowuj? DNA marki, ale nadaj? mu bardziej wsp??czesne proporcje. Wersja z czarn? tarcz?, dat? i opraw? diamentow? jest propozycj? katalogow? dla klienta szukaj?cego rozpoznawalnego Cartiera o wieczorowym charakterze.",dost?pny,cena na zapytanie,4,https://www.cartier.com/en-us/watches/collections/tank/tank-americaine/ | https://www.chrono24.com/cartier/tank-americaine.htm,"Rok, stan i dok?adna referencja konkretnego egzemplarza powinny zosta? potwierdzone dokumentami, numerem seryjnym lub ogl?dzinami zegarmistrza przed publikacj? sprzeda?ow?."
chopard-monaco-historic-grand-prix,Chopard,Grand Prix de Monaco Historique Chronograph,Chopard Grand Prix de Monaco Historique Chronograph,168570-3001 / wariant do potwierdzenia,rozpoznanie modelu wysokiej pewno?ci; referencja wymaga potwierdzenia po deklu,"ok. 2010-2015, do potwierdzenia","bardzo dobry, ocena wst?pna ze zdj??","stal nierdzewna lub tytan/stal, pasek sk?rzany lub tekstylny",sportowy chronograf motorsport,"Chopard Grand Prix de Monaco Historique Chronograph to zegarek z motoryzacyjnym temperamentem, podkre?lony kontrastow? tarcz? i pomara?czowymi akcentami.","To Chopard dla os?b, kt?re wol? zapach padoku od ciszy gabloty, ale nadal oczekuj? szwajcarskiego wyko?czenia.","Chopard jest wieloletnim partnerem wy?cig?w Grand Prix de Monaco Historique, a kolekcja powsta?a jako ho?d dla klasycznego motorsportu. Chronografy z tej serii korzystaj? z czytelnego uk?adu licznik?w, skali tachymetrycznej i dynamicznych kolor?w, dzi?ki czemu maj? bardziej sportowy charakter ni? bi?uteryjne linie Happy Sport czy Imperiale.",dost?pny,cena na zapytanie,3,https://www.chopard.com/ | https://www.chrono24.com/chopard/ref-1685703001.htm,"Rok, stan i dok?adna referencja konkretnego egzemplarza powinny zosta? potwierdzone dokumentami, numerem seryjnym lub ogl?dzinami zegarmistrza przed publikacj? sprzeda?ow?."
chopard-full-diamenty,Chopard,Happy Sport Chronograph,Chopard Happy Sport Chronograph Diamond,288499 - wariant oprawy diamentowej do potwierdzenia,rozpoznanie kolekcji wysokiej pewno?ci; zakres fabrycznej/opcjonalnej oprawy diamentowej wymaga weryfikacji,oko?o 2012+ lub rocznik z dokument?w,"dobry / bardzo dobry, ocena wst?pna ze zdj??","stal, diamenty, czarny pasek sk?rzany",sportowa bi?uteria z ruchomymi diamentami,Chopard Happy Sport Chronograph 288499 ??czy sportowy chronograf z ruchomymi diamentami i mocn? opraw? kamieni.,"Ruchome diamenty Happy Sport sprawiaj?, ?e tarcza nigdy nie wygl?da dok?adnie tak samo dwa razy.","Happy Sport to jedna z najbardziej rozpoznawalnych koncepcji Chopard: diamenty poruszaj? si? swobodnie pomi?dzy szafirowymi taflami nad tarcz?. W wersji chronograf 42 mm model nabiera bardziej sportowego charakteru, a rozbudowana oprawa diamentowa przenosi go w obszar wysokiej bi?uterii.",dost?pny,cena na zapytanie,4,https://www.chrono24.com/chopard/chopard-happy-sport-chronograph--id38713888.htm | https://www.authenticwatches.com/chopard-happy-sport-288499-3001.html,"Rok, stan i dok?adna referencja konkretnego egzemplarza powinny zosta? potwierdzone dokumentami, numerem seryjnym lub ogl?dzinami zegarmistrza przed publikacj? sprzeda?ow?."
chopard-zielony,Chopard,Imperiale Chronograph Jewellery,Chopard Imperiale Chronograph Jewellery,Imperiale Chronograph - dok?adna referencja do potwierdzenia,rozpoznanie kolekcji wysokiej pewno?ci; ref. wymaga dekla/dokument?w,"lata 2000-2010., do potwierdzenia","dobry / bardzo dobry, ocena wst?pna ze zdj??","bia?y metal szlachetny lub stal, diamenty, masa per?owa, zielona sk?ra",jubilerski chronograf damski,Chopard Imperiale Chronograph z zielonym paskiem i diamentow? opraw? ??czy cesarskie inspiracje kolekcji z funkcjonalno?ci? stopera.,Imperiale korzysta z detali kojarzonych z insygniami w?adzy - od kolumnowych uszu po kaboszony na koronce i przyciskach.,"Imperiale jest najbardziej ceremonialn? z codziennych linii Chopard: geometryczne uszy, kaboszony i rzymskie akcenty odnosz? si? do estetyki dawnych insygni?w. W chronografie z opraw? diamentow? i per?ow? tarcz? sportowa funkcja staje si? cz??ci? bi?uteryjnej kompozycji.",dost?pny,cena na zapytanie,3,https://www.chrono24.com/chopard/imperiale-chronograph---white-gold---mother-of-pearl-dial-diamonds-bezel---4143--id41253786.htm | https://www.essential-watches.com/Chopard/Imperiale-Round,"Rok, stan i dok?adna referencja konkretnego egzemplarza powinny zosta? potwierdzone dokumentami, numerem seryjnym lub ogl?dzinami zegarmistrza przed publikacj? sprzeda?ow?."
chopard-tourbillon,Chopard,L.U.C Tourbillon 8 Jours,Chopard L.U.C Tourbillon 8 Jours,16/8502 lub 16/8963 - do potwierdzenia,rozpoznanie funkcji i rodziny wysokiej pewno?ci; dok?adna referencja wymaga dokument?w lub czytelnego dekla,"oko?o 2004-2006, do potwierdzenia","dobry / bardzo dobry, ocena wst?pna ze zdj??","bia?y metal szlachetny lub stal, pasek aligatorowy",haute horlogerie z tourbillonem i 8-dniow? rezerw?,Chopard L.U.C Tourbillon 8 Jours to zegarek wysokiej komplikacji z rezerw? chodu na osiem dni i widocznym tourbillonem na godzinie 6.,Osiem dni rezerwy chodu i tourbillon w jednym zegarku pokazuj? ambicj? Chopard Manufacture z pocz?tk?w linii L.U.C.,"Kolekcja L.U.C powsta?a jako manufakturowa odpowied? Chopard na wielk? tradycj? zegarmistrzowsk?. Tourbillony L.U.C wykorzystywa?y wielob?bnow? architektur? Quattro, daj?c? bardzo d?ug? rezerw? chodu, a otwarcie tarczy przy godzinie 6 eksponowa?o jedn? z najbardziej presti?owych komplikacji mechanicznych.",dost?pny,cena na zapytanie,3,https://www.collectorsquare.com/en/watches/chopard/l.u.c-tourbillon/lpi | https://objects-prod.cdn.chopard.com/PDFs/manuals-customer-service/Instruction_manual_LUC_Complications_2023.pdf,"Rok, stan i dok?adna referencja konkretnego egzemplarza powinny zosta? potwierdzone dokumentami, numerem seryjnym lub ogl?dzinami zegarmistrza przed publikacj? sprzeda?ow?."
chronoswiss,Chronoswiss,R?gulateur,Chronoswiss R?gulateur,CH 1223,rozpoznanie wysokiej pewno?ci na podstawie uk?adu regulatora i napisu na tarczy,"oko?o 1995-2005, dok?adny rocznik do potwierdzenia","dobry / bardzo dobry, ocena wst?pna ze zdj??","stal nierdzewna, bransoleta stalowa",klasyczny regulator mechaniczny,"Chronoswiss R?gulateur CH 1223 z czarn? tarcz? prezentuje czas w historycznym uk?adzie regulatora z osobn? godzin?, minut? i sekund?.","W regulatorze najwa?niejsza jest minuta - dlatego centralna wskaz?wka prowadzi odczyt, a godziny i sekundy maj? w?asne subtarcze.","Chronoswiss zbudowa? swoj? rozpoznawalno?? na przeniesieniu koncepcji zegara regulatorowego na zegarek nar?czny. Model CH 1223 zachowuje karbowan? lunet?, cebulkow? koronk? i porz?dek tarczy, kt?ry celowo rozdziela wskazania, aby podkre?li? zegarmistrzowski rodow?d formy.",dost?pny,cena na zapytanie,4,https://www.chrono24.com/chronoswiss/ref-ch1223.htm | https://www.watch-wiki.net/doku.php?id=chronoswiss_regulateur,"Rok, stan i dok?adna referencja konkretnego egzemplarza powinny zosta? potwierdzone dokumentami, numerem seryjnym lub ogl?dzinami zegarmistrza przed publikacj? sprzeda?ow?."
franck-muller-vanguard-seven-days-skeleton,Franck Muller,Vanguard Seven Days Skeleton,Franck Muller Vanguard Seven Days Skeleton,V 45 S6 SQT / wariant do potwierdzenia,rozpoznanie modelu wysokiej pewno?ci po napisie Seven Days i uk?adzie szkieletu,"lata 2010-2020, do potwierdzenia","bardzo dobry, ocena wst?pna ze zdj??","koperta tonneau, szkieletowany mechanizm, pasek gumowo-sk?rzany",awangardowy skeleton,"Franck Muller Vanguard Seven Days Skeleton pokazuje mechanizm jako g??wny element projektu, z czerwonymi akcentami i architektur? tarczy typow? dla linii Vanguard.","W tym zegarku tarcza nie zas?ania mechanizmu, tylko robi z niego scen?.","Franck Muller zbudowa? rozpoznawalno?? na odwa?nych kopertach Cintr?e Curvex i komplikacjach pokazywanych w teatralny spos?b. Vanguard jest bardziej sportow?, wsp??czesn? interpretacj? tej filozofii: du?a koperta tonneau, wyraziste indeksy kierunkowe i szkieletowany kaliber o siedmiodniowej rezerwie chodu tworz? zegarek zdecydowanie pokazowy.",dost?pny,cena na zapytanie,2,https://www.franckmuller.com/vanguard | https://www.chrono24.com/franckmuller/vanguard.htm,"Rok, stan i dok?adna referencja konkretnego egzemplarza powinny zosta? potwierdzone dokumentami, numerem seryjnym lub ogl?dzinami zegarmistrza przed publikacj? sprzeda?ow?."
frederique-constant,Frederique Constant,Manufacture Slimline Moonphase,Frederique Constant Manufacture Slimline Moonphase,FC-705N4S6,rozpoznanie wysokiej pewno?ci na podstawie tarczy i konfiguracji,"do potwierdzenia; znane roczniki ofert: 2015, 2016, 2024","bardzo dobry, ocena wst?pna ze zdj??","stal nierdzewna, niebieski pasek sk?rzany",smuk?y zegarek garniturowy z faz? ksi??yca,"Frederique Constant FC-705N4S6 oferuje niebiesk? tarcz?, datownik wskaz?wkowy i fazy ksi??yca w smuk?ej kopercie manufacture.","To zegarek, kt?ry wygl?da klasycznie, ale sercem jest manufakturowy kaliber FC-705 z komplikacj? faz ksi??yca.","Slimline Moonphase Manufacture jest przyk?adem strategii Frederique Constant: oferowa? klasyczne komplikacje w przyst?pniejszym, ale nadal eleganckim wydaniu. Referencja FC-705N4S6 wyr??nia si? granatow? tarcz? oraz zintegrowanym wskazaniem daty i fazy ksi??yca na godzinie 6.",dost?pny,cena na zapytanie,3,https://www.chrono24.com/frederiqueconstant/ref-fc705n4s6.htm,"Rok, stan i dok?adna referencja konkretnego egzemplarza powinny zosta? potwierdzone dokumentami, numerem seryjnym lub ogl?dzinami zegarmistrza przed publikacj? sprzeda?ow?."
maurice-lacroix-masterpiece-double-retrograde,Maurice Lacroix,Masterpiece Double R?trograde Phase de Lune,Maurice Lacroix Masterpiece Double R?trograde Phase de Lune,MP7018 / wariant do potwierdzenia,rozpoznanie modelu wysokiej pewno?ci; referencja zale?y od konfiguracji koperty,"lata 2000-2010, do potwierdzenia","bardzo dobry, ocena wst?pna ze zdj??","stal i z?oto lub pow?oka z?ota, pasek sk?rzany, tarcza z retrogradami",zegarek komplikowany klasyczny,"Maurice Lacroix Masterpiece Double R?trograde ??czy klasyczn? elegancj? z widowiskow? tarcz?: dat? retrograde, rezerw? chodu i faz? ksi??yca.","Retrogrady w Masterpiece dzia?aj? jak ma?y spektakl mechaniki, kt?ry pozostaje czytelny mimo liczby wskaza?.","Kolekcja Masterpiece by?a dla Maurice Lacroix przestrzeni? na bardziej ambitne komplikacje mechaniczne. Double R?trograde Phase de Lune ??czy wskazanie daty po ?uku, rezerw? chodu, dzie? tygodnia i faz? ksi??yca, tworz?c zegarek o charakterze klasycznym, ale technicznie bardziej z?o?onym ni? standardowy trzywskaz?wkowiec.",dost?pny,cena na zapytanie,3,https://www.mauricelacroix.com/ | https://www.chrono24.com/mauricelacroix/masterpiece-double-retrograde.htm,"Rok, stan i dok?adna referencja konkretnego egzemplarza powinny zosta? potwierdzone dokumentami, numerem seryjnym lub ogl?dzinami zegarmistrza przed publikacj? sprzeda?ow?."
omega-czarna-tarcza,Omega,Constellation Manhattan Day-Date Quartz,Omega Constellation Manhattan Day-Date Quartz,396.1070 / 396.1080 - do potwierdzenia,rozpoznanie wysokiej pewno?ci dla wariantu Day-Date; dok?adna ref. wymaga dekla,"oko?o 1980-1990, do potwierdzenia","dobry, widoczne ?lady u?ytkowania na bezelu i kopercie","stal nierdzewna, mo?liwy bezel z elementem z?ota w zale?no?ci od referencji",vintage Manhattan z podw?jnym kalendarzem,Omega Constellation Manhattan Day-Date z czarn? tarcz? wyr??nia si? dwoma subtarczzami kalendarza i smuk?ym kwarcowym profilem.,"W tej konfiguracji Constellation ??czy elegancki profil z funkcjonalnym, niemal instrumentowym uk?adem dnia i daty.","Wersje Day-Date Constellation Manhattan nale?? do najbardziej charakterystycznych odmian tej linii z lat 80. i 90. Kwarcowy kaliber pozwala? zachowa? bardzo smuk?? kopert?, a osobne wskazania dnia tygodnia i daty nada?y tarczy techniczny, kolekcjonerski charakter.",dost?pny,cena na zapytanie,3,https://everywatch.com/omega/constellation-day-date/watch-31606124 | https://www.chrono24.com/omega/constellation--id46062532.htm,"Rok, stan i dok?adna referencja konkretnego egzemplarza powinny zosta? potwierdzone dokumentami, numerem seryjnym lub ogl?dzinami zegarmistrza przed publikacj? sprzeda?ow?."
omega-biala-tarcza,Omega,Constellation Manhattan Quartz Date,Omega Constellation Manhattan Quartz Date,rodzina 396 / 1512 - do potwierdzenia z dekla,rozpoznanie kolekcji wysokiej pewno?ci; dok?adna referencja wymaga dekla,"lata 1990-2000., do potwierdzenia","dobry, widoczne ?lady u?ytkowania na kopercie i bezelu","stal nierdzewna, zintegrowana bransoleta stalowa",klasyczny Constellation Manhattan,Omega Constellation Manhattan z jasn? tarcz? i zintegrowan? bransolet? to elegancki kwarcowy klasyk z charakterystycznymi pazurami koperty.,"Cztery pazury Constellation Manhattan zacz??y jako element konstrukcyjny, a sta?y si? jednym z najbardziej rozpoznawalnych znak?w Omegi.","Constellation Manhattan zadebiutowa? w 1982 roku i zmieni? eleganck? lini? Omegi w zegarek o mocnej, architektonicznej kopercie. Jasna tarcza, rzymski bezel i zintegrowana bransoleta tworz? dyskretny, codzienny wariant tej stylistyki.",dost?pny,cena na zapytanie,3,https://dumarko.com/blogs/news/vintage-omega-constellation-collectors-guide | https://www.catawiki.com/en/l/99692638-omega-constellation-men-1990-1999,"Rok, stan i dok?adna referencja konkretnego egzemplarza powinny zosta? potwierdzone dokumentami, numerem seryjnym lub ogl?dzinami zegarmistrza przed publikacj? sprzeda?ow?."
omega-de-ville-prestige,Omega,De Ville Prestige Co-Axial Chronometer,Omega De Ville Prestige Co-Axial Chronometer,424.53.40.20.02.001 / wariant do potwierdzenia,rozpoznanie modelu wysokiej pewno?ci; materia? i referencja wymagaj? potwierdzenia,"ok. lata 2010., do potwierdzenia","bardzo dobry, ocena wst?pna ze zdj??","z?oto, jasna tarcza, pasek aligatorowy",klasyczny zegarek garniturowy,"Omega De Ville Prestige Co-Axial Chronometer to spokojny, formalny zegarek w z?otej kopercie, z jasn? tarcz? i dat? na godzinie 3.","De Ville Prestige nie pr?buje dominowa? stroju; jego si?? jest proporcja, symetria i cichy certyfikat chronometru.","Linia De Ville oddzieli?a si? od Seamastera w latach 60. jako bardziej elegancka ga??? Omegi. Prestige zachowuje t? filozofi?: klasyczna okr?g?a koperta, sk?rzany pasek i oszcz?dna tarcza. Wersje Co-Axial korzystaj? z mechanizmu z wychwytem Omegi, kt?ry sta? si? jednym z technologicznych znak?w rozpoznawczych marki.",dost?pny,cena na zapytanie,3,https://www.omegawatches.com/watch-omega-de-ville-prestige-co-axial-chronometer-39-5-mm-42453402002001 | https://www.omegawatches.com/en-us/watch-omega-de-ville-prestige-co-axial-chronometer-39-5-mm-42453402002001,"Rok, stan i dok?adna referencja konkretnego egzemplarza powinny zosta? potwierdzone dokumentami, numerem seryjnym lub ogl?dzinami zegarmistrza przed publikacj? sprzeda?ow?."
patek-philippe-annual-calendar-5396,Patek Philippe,Annual Calendar Moon Phases,Patek Philippe Annual Calendar Moon Phases,5396R / 5396J - wariant do potwierdzenia,rozpoznanie wysokiej pewno?ci po uk?adzie apertur annual calendar i fazie ksi??yca; metal wymaga potwierdzenia,"lata 2006+, rocznik do potwierdzenia","bardzo dobry, ocena wst?pna ze zdj??","r??owe lub ???te z?oto, pasek aligatorowy, tarcza z kalendarzem rocznym",komplikowany dress watch,"Patek Philippe Annual Calendar 5396 z faz? ksi??yca to elegancki zegarek komplikowany, w kt?rym kalendarz roczny podano w wyj?tkowo czytelnym, klasycznym uk?adzie.","Trzy okna kalendarza i faza ksi??yca tworz? tarcz?, kt?ra wygl?da spokojnie mimo bardzo praktycznej komplikacji.","Patek Philippe wprowadzi? kalendarz roczny w 1996 roku, upraszczaj?c codzienne korzystanie z komplikacji kalendarzowych. Referencja 5396 rozwija ten pomys? w estetyce inspirowanej zegarkami z po?owy XX wieku: dzie? i miesi?c w oknach pod godzin? 12, faza ksi??yca i data na osi dolnej oraz klasyczna koperta na pasku.",dost?pny,cena na zapytanie,3,https://www.patek.com/en/collection/complications/5396R-011 | https://www.patek.com/en/collection/complications,"Rok, stan i dok?adna referencja konkretnego egzemplarza powinny zosta? potwierdzone dokumentami, numerem seryjnym lub ogl?dzinami zegarmistrza przed publikacj? sprzeda?ow?."
piaget,Piaget,Possession,Piaget Possession,do potwierdzenia,rozpoznanie kolekcji wysokiej pewno?ci; dok?adna ref. wymaga dekla/dokument?w,do potwierdzenia; wsp??czesna linia Possession 29 mm,"dobry / bardzo dobry, widoczne drobne ?lady na bezelu","bia?y metal szlachetny lub stal, diament, bia?y pasek sk?rzany",bi?uteryjny zegarek damski,Piaget Possession z bia?ym paskiem i obrotowym pier?cieniem to minimalistyczna bi?uteria zegarkowa z jednym diamentowym akcentem.,"W Possession najwa?niejszy jest ruch pier?cienia - ma?y, dotykowy gest, kt?ry odr??nia zegarek od klasycznej bi?uterii.","Possession przenosi motyw obrotowego pier?cienia z bi?uterii Piageta do zegarka. Oszcz?dna tarcza, mi?kka koperta i ruchomy detal z diamentem tworz? przedmiot bli?szy luksusowej bransolecie ni? klasycznemu zegarkowi narz?dziowemu.",dost?pny,cena na zapytanie,2,https://www.piaget.com/us-en/watches/possession/white-gold-diamond-watch-g0a44298 | https://www.chrono24.com/piaget/possession-watch-diamond-mother-of-pearl-29mm-g0a45092--id46004316.htm,"Rok, stan i dok?adna referencja konkretnego egzemplarza powinny zosta? potwierdzone dokumentami, numerem seryjnym lub ogl?dzinami zegarmistrza przed publikacj? sprzeda?ow?."
rado-centrix-automatic-blue,Rado,Centrix Automatic Blue Dial,Rado Centrix Automatic Blue Dial,R30030 / wariant do potwierdzenia,rozpoznanie kolekcji wysokiej pewno?ci; referencja zale?y od ?rednicy i bransolety,"lata 2010-2020, do potwierdzenia","bardzo dobry, ocena wst?pna ze zdj??","stal nierdzewna i ceramika high-tech, niebieska tarcza, bransoleta",nowoczesny zegarek codzienny,"Rado Centrix Automatic z niebiesk? tarcz? ??czy smuk?? kopert? z ceramiczn? bransolet? i spokojnym, wsp??czesnym charakterem.",Centrix pokazuje specjalno?? Rado: luksus codzienny oparty bardziej na materiale i wygodzie ni? na ostentacji.,"Rado od lat buduje to?samo?? wok?? ceramiki high-tech i odpornych materia??w. Centrix jest jedn? z najbardziej uniwersalnych linii marki: zw??aj?ca si? bransoleta, prosta tarcza i automatyczny mechanizm daj? zegarek ?atwy do noszenia na co dzie?, a niebieski kolor dodaje mu bardziej wsp??czesnej prezencji.",dost?pny,cena na zapytanie,2,https://www.rado.com/ | https://www.rado.com/en_us/centrix.html,"Rok, stan i dok?adna referencja konkretnego egzemplarza powinny zosta? potwierdzone dokumentami, numerem seryjnym lub ogl?dzinami zegarmistrza przed publikacj? sprzeda?ow?."
rolex-daytona-panda,Rolex,Cosmograph Daytona White Dial,Rolex Cosmograph Daytona White Dial,116500LN - do potwierdzenia,"rozpoznanie wysokiej pewno?ci po bia?ej tarczy, czarnym ceramicznym bezele i uk?adzie wsp??czesnej Daytony","2016-2023, rocznik egzemplarza do potwierdzenia","bardzo dobry, ocena wst?pna ze zdj??","stal Oystersteel, czarny ceramiczny bezel Cerachrom, bransoleta Oyster",ikoniczny chronograf sportowy,Rolex Cosmograph Daytona 116500LN z bia?? tarcz? to jeden z najbardziej po??danych stalowych chronograf?w wsp??czesnego rynku luksusowego.,"Kontrast bia?ej tarczy i czarnego bezela da? Daytonie przydomek, kt?ry natychmiast sta? si? j?zykiem kolekcjoner?w.","Daytona powsta?a jako chronograf dla kierowc?w wy?cigowych, a wsp??czesna referencja 116500LN wprowadzi?a czarny ceramiczny bezel Cerachrom do stalowej wersji. Model korzysta z automatycznego kalibru 4130, ma skal? tachymetryczn? na lunecie i uk?ad licznik?w, kt?ry sta? si? jednym z najwa?niejszych kod?w wizualnych Rolexa.",dost?pny,cena na zapytanie,3,https://www.rolex.com/watches/cosmograph-daytona | https://www.chrono24.com/rolex/ref-116500ln.htm,"Rok, stan i dok?adna referencja konkretnego egzemplarza powinny zosta? potwierdzone dokumentami, numerem seryjnym lub ogl?dzinami zegarmistrza przed publikacj? sprzeda?ow?."
rolex-datejust-vintage-czarna-tarcza,Rolex,Datejust 36 Two-Tone Black Diamond Dial,Rolex Datejust 36 Two-Tone Black Diamond Dial,16233 / 16013 - wariant do potwierdzenia,rozpoznanie kolekcji wysokiej pewno?ci; dok?adna referencja zale?y od rocznika i kalibru,"lata 1980-1990, do potwierdzenia","dobry / bardzo dobry, ocena wst?pna ze zdj??","stal i ???te z?oto, bransoleta Jubilee, czarna tarcza z indeksami diamentowymi",vintage Datejust bi?uteryjny,"Rolex Datejust 36 w Rolesorze, z czarn? tarcz? i diamentowymi indeksami, ??czy codzienny format Rolexa z wyra?nie bi?uteryjnym akcentem.","Czarna tarcza uspokaja z?oto, a diamentowe indeksy zostawiaj? zegarkowi dok?adnie tyle blasku, ile potrzeba.","Dwukolorowe Datejusty z bransolet? Jubilee sta?y si? jednym z najbardziej rozpoznawalnych zegark?w ko?ca XX wieku. Wariant z czarn? tarcz? i indeksami diamentowymi jest bardziej wieczorowy, ale zachowuje praktyczno?? automatycznego zegarka z dat?, wodoodporn? kopert? Oyster i bezelem z ???tego z?ota.",dost?pny,cena na zapytanie,4,https://www.rolex.com/watches/datejust | https://www.chrono24.com/rolex/ref-16233.htm | https://www.chrono24.com/rolex/ref-16013.htm,"Rok, stan i dok?adna referencja konkretnego egzemplarza powinny zosta? potwierdzone dokumentami, numerem seryjnym lub ogl?dzinami zegarmistrza przed publikacj? sprzeda?ow?."
rolex-datejust-36-yellow-gold-blue-dial,Rolex,Datejust 36 Yellow Gold Blue Dial,Rolex Datejust 36 Yellow Gold Blue Dial,16018 / 16238 - wariant do potwierdzenia,"rozpoznanie Datejust wysokiej pewno?ci; referencja wymaga sprawdzenia dekla, bransolety i kalibru","lata 1980-1990, do potwierdzenia","dobry / bardzo dobry, ocena wst?pna ze zdj??","???te z?oto, niebieska tarcza, pasek sk?rzany",klasyczny Datejust w z?ocie,"Rolex Datejust 36 w ???tym z?ocie i z niebiesk? tarcz? to klasyczny zegarek codzienny w bardziej presti?owej, vintage?owej ods?onie.",Niebieska tarcza na tle ???tego z?ota daje Datejustowi ton bardziej klubowy ni? biurowy.,"Datejust jest jednym z fundament?w katalogu Rolexa od 1945 roku. Wersje 36 mm ze z?ot? kopert?, karbowanym bezelem i datownikiem pod lup? Cyclops pozostaj? najbardziej rozpoznawalnym symbolem eleganckiego zegarka codziennego. Egzemplarz na pasku sk?rzanym ma l?ejszy charakter ni? konfiguracja na bransolecie President lub Jubilee.",dost?pny,cena na zapytanie,3,https://www.rolex.com/watches/datejust | https://www.chrono24.com/rolex/ref-16018.htm | https://www.chrono24.com/rolex/ref-16238.htm,"Rok, stan i dok?adna referencja konkretnego egzemplarza powinny zosta? potwierdzone dokumentami, numerem seryjnym lub ogl?dzinami zegarmistrza przed publikacj? sprzeda?ow?."
rolex-datejust-41-everose-sundust,Rolex,Datejust 41 Everose Rolesor,Rolex Datejust 41 Everose Rolesor,126331 - do potwierdzenia,"rozpoznanie wysokiej pewno?ci po proporcjach Datejust 41, Jubilee, karbowanym bezele i kolorystyce Everose Rolesor","ok. 2016+, rocznik egzemplarza do potwierdzenia","bardzo dobry, ocena wst?pna ze zdj??","stal Oystersteel i r??owe z?oto Everose, bransoleta Jubilee, tarcza sundust/srebrna",nowoczesny zegarek elegancki,"Rolex Datejust 41 Everose Rolesor z tarcz? sundust ??czy klasyczn? architektur? Datejusta z cieplejszym, wsp??czesnym tonem r??owego z?ota.","Everose Rolesor sprawia, ?e Datejust 41 jest bardziej mi?kki wizualnie, ale nadal pozostaje jednym z najbardziej czytelnych symboli Rolexa.","Wsp??czesny Datejust 41 zachowuje najwa?niejsze znaki linii: dat?, lup? Cyclops, karbowany bezel i bransolet? Jubilee. Referencja 126331 ??czy stal Oystersteel z 18-karatowym z?otem Everose, a mechanizm generacji 3235 zapewnia oko?o 70 godzin rezerwy chodu i certyfikacj? Superlative Chronometer.",dost?pny,cena na zapytanie,3,https://www.rolex.com/watches/datejust/m126331-0016 | https://www.rolex.com/watches/datejust,"Rok, stan i dok?adna referencja konkretnego egzemplarza powinny zosta? potwierdzone dokumentami, numerem seryjnym lub ogl?dzinami zegarmistrza przed publikacj? sprzeda?ow?."
rolex-sky-dweller,Rolex,Sky-Dweller Black Dial,Rolex Sky-Dweller Black Dial,326934 - do potwierdzenia,"rozpoznanie wysokiej pewno?ci po uk?adzie Sky-Dweller, karbowanym bezele i czarnej tarczy","2017+, rocznik egzemplarza do potwierdzenia","bardzo dobry, ocena wst?pna ze zdj??","Oystersteel i bia?e z?oto, bransoleta Oyster, czarna tarcza",luksusowy zegarek podr??ny,"Rolex Sky-Dweller 326934 z czarn? tarcz? to zegarek podr??ny z rocznym kalendarzem, drug? stref? czasu i charakterystycznym systemem Ring Command.","Sky-Dweller ukrywa jedn? z najbardziej praktycznych komplikacji Rolexa w formie, kt?ra z daleka wygl?da jak klasyczny model z karbowanym bezelem.","Sky-Dweller zosta? zaprezentowany jako najbardziej komplikowany wsp??czesny Rolex: ??czy czas lokalny, czas domowy w 24-godzinnym pier?cieniu oraz kalendarz roczny Saros. W wersji 326934 stalowa koperta wsp??pracuje z bezelem z bia?ego z?ota, a obs?uga funkcji odbywa si? przez obracany bezel Ring Command.",dost?pny,cena na zapytanie,4,https://www.rolex.com/watches/sky-dweller | https://www.chrono24.com/rolex/ref-326934.htm,"Rok, stan i dok?adna referencja konkretnego egzemplarza powinny zosta? potwierdzone dokumentami, numerem seryjnym lub ogl?dzinami zegarmistrza przed publikacj? sprzeda?ow?."
rolex-yacht-master-40-yellow-gold-blue-dial,Rolex,Yacht-Master 40 Yellow Gold Blue Dial,Rolex Yacht-Master 40 Yellow Gold Blue Dial,16628 - do potwierdzenia,rozpoznanie wst?pne na podstawie zdj?? bocznych; brak zdj?cia frontu obni?a pewno?? wariantu tarczy,"lata 1990-2000, do potwierdzenia","dobry / bardzo dobry, ocena wst?pna ze zdj?? bocznych","???te z?oto, bransoleta Oyster, niebieska tarcza prawdopodobna",luksusowy zegarek ?eglarski,"Rolex Yacht-Master 40 w ???tym z?ocie to bardziej luksusowa interpretacja sportowego zegarka Oyster, z charakterystycznym bezelem regatowym.","Yacht-Master wygl?da jak zegarek na pok?ad, ale w z?ocie m?wi przede wszystkim j?zykiem luksusowego stylu ?ycia.","Yacht-Master zadebiutowa? w 1992 roku jako elegantsza, jachtowa alternatywa dla typowo narz?dziowego Submarinera. Referencja 16628 w ???tym z?ocie nale?y do pierwszej generacji modelu i ma bezel z wypuk?ymi cyframi oraz pe?noz?ot? bransolet? Oyster. Poniewa? w paczce s? tylko zdj?cia boczne, tarcz? i wariant nale?y potwierdzi? przed publikacj?.",dost?pny,cena na zapytanie,2,https://www.rolex.com/watches/yacht-master | https://www.chrono24.com/rolex/ref-16628.htm,"Rok, stan i dok?adna referencja konkretnego egzemplarza powinny zosta? potwierdzone dokumentami, numerem seryjnym lub ogl?dzinami zegarmistrza przed publikacj? sprzeda?ow?."
tag-heuer,TAG Heuer,Grand Carrera Calibre 36 RS2 Caliper Chronograph Ti2,TAG Heuer Grand Carrera Calibre 36 RS2 Caliper Chronograph Ti2,CAV5186.FC6304,rozpoznanie wysokiej pewno?ci na podstawie tarczy i uk?adu Caliper,"oko?o 2012-2013, do potwierdzenia","dobry / bardzo dobry, widoczne drobne ?lady u?ytkowania","tytan PVD, pasek sk?rzany",wy?cigowy chronograf wysokiej cz?stotliwo?ci,TAG Heuer Grand Carrera CAV5186.FC6304 to tytanowy chronograf Calibre 36 z systemem Caliper do odczytu 1/10 sekundy.,"Calibre 36 bazuje na idei wysokiej cz?stotliwo?ci 36 000 wahni?? na godzin?, dzi?ki czemu chronograf mo?e mierzy? dziesi?te cz??ci sekundy.","Grand Carrera Calibre 36 RS2 by? pokazem technicznej strony TAG Heuera: zamiast klasycznych licznik?w wykorzystano system Rotating System i skal? Caliper, inspirowane desk? rozdzielcz? samochodu GT. Mechanizm Calibre 36 pracuje z wysok? cz?stotliwo?ci?, podkre?laj?c sportowy rodow?d marki.",dost?pny,cena na zapytanie,3,https://www.chrono24.com/tagheuer/grand-carrera-calibre-36-rs-2-caliper-chronograph-ti2-limited-edition-cav5186fc6304-full-set-mit-garantie-occasion-refurbished--id45796109.htm | https://www.jurawatches.co.uk/products/tag-heuer-watch-grand-carrera-automatic-chronograph-cav5186-fc6304-tag-347,"Rok, stan i dok?adna referencja konkretnego egzemplarza powinny zosta? potwierdzone dokumentami, numerem seryjnym lub ogl?dzinami zegarmistrza przed publikacj? sprzeda?ow?."
vacheron-constantin-malte-diamond,Vacheron Constantin,Malte Diamond,Vacheron Constantin Malte Diamond,do potwierdzenia,rozpoznanie jako linia Malte / tonneau wysokiej pewno?ci; dok?adna referencja wymaga potwierdzenia po deklu,"lata 2000-2010, do potwierdzenia","bardzo dobry, ocena wst?pna ze zdj??","z?oto lub bia?e z?oto, diamenty, tarcza guilloche, pasek sk?rzany",jubilerski dress watch,"Vacheron Constantin Malte Diamond ??czy kszta?t tonneau, giloszowan? tarcz? i dyskretn? opraw? diamentow? w klasycznym zegarku wieczorowym.","Tonneau Vacherona ma w sobie mi?kko?? bi?uterii, ale zachowuje porz?dek tradycyjnego zegarmistrzostwa genewskiego.","Kolekcja Malte jest jedn? z linii, w kt?rych Vacheron Constantin rozwija? nieokr?g?e koperty i bardziej dekoracyjne wyko?czenia. Egzemplarz ze zdj?? ma wyd?u?on? kopert? tonneau, diamentowe boki, rzymskie cyfry 12 i 6 oraz giloszowan? tarcz?, co lokuje go po stronie eleganckich, jubilerskich modeli maison.",dost?pny,cena na zapytanie,3,https://www.vacheron-constantin.com/ | https://www.chrono24.com/vacheronconstantin/malte.htm,"Rok, stan i dok?adna referencja konkretnego egzemplarza powinny zosta? potwierdzone dokumentami, numerem seryjnym lub ogl?dzinami zegarmistrza przed publikacj? sprzeda?ow?."
wyler-geneva,Wyler Gen?ve,Code-R Chronograph,Wyler Gen?ve Code-R Chronograph,100.1 / 100.4 family - do potwierdzenia,rozpoznanie kolekcji wysokiej pewno?ci; dok?adny wariant wymaga dekla,"oko?o 2008-2009, do potwierdzenia","dobry / bardzo dobry, ocena wst?pna ze zdj??","tytan/stal i materia?y kompozytowe, gumowy pasek",awangardowy chronograf sportowy,"Wyler Gen?ve Code-R Chronograph to masywny, techniczny chronograf z amortyzowan? konstrukcj? Incaflex i niebieskim paskiem gumowym.","Code-R wygl?da jak zegarek zbudowany wok?? koperty - ?ruby, mostki i amortyzacja s? tu cz??ci? j?zyka projektu.","Wyler Gen?ve wskrzesi? system Incaflex w nowoczesnej, bardzo du?ej kopercie Code-R. Chronografy tej serii cz?sto korzysta?y z automatycznych kalibr?w ETA 2894-2, mia?y dat?, 100 m wodoszczelno?ci i konstrukcj? zaprojektowan? tak, by eksponowa? techniczny charakter zegarka.",dost?pny,cena na zapytanie,3,https://www.orologidiclasse.com/catalogo-orologi/wyler-geneve/code-r-chronograph/5081/ | https://superwatchman.com/wyler-geneve/code-r-chronograph-red-dial/,"Rok, stan i dok?adna referencja konkretnego egzemplarza powinny zosta? potwierdzone dokumentami, numerem seryjnym lub ogl?dzinami zegarmistrza przed publikacj? sprzeda?ow?."
